<?xml version="1.0" encoding="UTF-8"?>

<sugestoes>
  <sugestao>
   <texto>Gostei muito do arroz de tamboril, muito bom e recomendo!</texto>
   <autor>Pedro</autor>
   <apelido>Rodrigues</apelido>
   <data>28/02/2017</data>
  </sugestao>
  <sugestao>
   <texto>Nunca tinha experimentado este restaurante, mas confirmo o que me disseram, muito bom mesmo!</texto>
   <autor>Fátima</autor>
   <apelido>Portas</apelido>
   <data>01/03/2017</data>
  </sugestao>
  <sugestao>
   <texto>Simplesmente adorei, carnes muito boas!</texto>
   <autor>Miguel</autor>
   <apelido>Jerónimo</apelido>
   <data>15/03/2017</data>
  </sugestao>
  <sugestao>
   <texto>Gostei bastante, serviço espetacular!</texto>
   <autor>João</autor>
   <apelido>Pacheco</apelido>
   <data>27/03/2017</data>
  </sugestao>
  <sugestao>
   <texto>Bifinhos com fruta, sem dúvida o melhor prato!</texto>
   <autor>Nelson</autor>
   <apelido>Amândio</apelido>
   <data>28/04/2017</data>
  </sugestao>
  <sugestao>
   <texto>De tantas vezes que já lá fui ainda não consegui decidir qual o melhor prato.. É tudo bom!</texto>
   <autor>Milene</autor>
   <apelido>Ventura</apelido>
   <data>08/05/2017</data>
  </sugestao>
 </sugestoes>